"X","Y","Z","TimeStep1 - temperature","TimeStep2 - temperature"
0.0,0.0,0.0,100.0000000000011,100.0000000000011
1.0,0.0,0.0,0.0,0.0
1.0,1.0,0.0,0.0,0.0
0.0,1.0,0.0,100.0000000000001,100.0000000000001
0.04761904761904757,0.0,0.0,95.23809523809636,95.23809523809636
0.09523809523809514,0.0,0.0,90.4761904761916,90.4761904761916
0.1428571428571427,0.0,0.0,85.71428571428679,85.71428571428679
0.1904761904761902,0.0,0.0,80.95238095238197,80.95238095238197
0.2380952380952379,0.0,0.0,76.19047619047713,76.19047619047713
0.2857142857142856,0.0,0.0,71.42857142857234,71.42857142857234
0.3333333333333333,0.0,0.0,66.6666666666675,66.6666666666675
0.380952380952381,0.0,0.0,61.90476190476267,61.90476190476267
0.4285714285714285,0.0,0.0,57.14285714285784,57.14285714285784
0.4761904761904759,0.0,0.0,52.38095238095303,52.38095238095303
0.5238095238095233,0.0,0.0,47.61904761904823,47.61904761904823
0.5714285714285708,0.0,0.0,42.857142857143415,42.857142857143415
0.6190476190476182,0.0,0.0,38.09523809523863,38.09523809523863
0.6666666666666656,0.0,0.0,33.33333333333382,33.33333333333382
0.7142857142857131,0.0,0.0,28.57142857142902,28.57142857142902
0.7619047619047604,0.0,0.0,23.809523809524226,23.809523809524226
0.8095238095238082,0.0,0.0,19.047619047619392,19.047619047619392
0.8571428571428561,0.0,0.0,14.285714285714555,14.285714285714555
0.9047619047619041,0.0,0.0,9.523809523809696,9.523809523809696
0.952380952380952,0.0,0.0,4.761904761904854,4.761904761904854
1.0,0.04761904761904757,0.0,0.0,0.0
1.0,0.09523809523809514,0.0,-1.064699892790552e-15,-1.064699892790552e-15
1.0,0.1428571428571427,0.0,0.0,0.0
1.0,0.1904761904761902,0.0,0.0,0.0
1.0,0.2380952380952379,0.0,0.0,0.0
1.0,0.2857142857142856,0.0,0.0,0.0
1.0,0.3333333333333333,0.0,0.0,0.0
1.0,0.380952380952381,0.0,0.0,0.0
1.0,0.4285714285714285,0.0,0.0,0.0
1.0,0.4761904761904759,0.0,0.0,0.0
1.0,0.5238095238095233,0.0,-1.4073785034131746e-15,-1.4073785034131746e-15
1.0,0.5714285714285708,0.0,0.0,0.0
1.0,0.6190476190476182,0.0,0.0,0.0
1.0,0.6666666666666656,0.0,0.0,0.0
1.0,0.7142857142857131,0.0,0.0,0.0
1.0,0.7619047619047604,0.0,0.0,0.0
1.0,0.8095238095238082,0.0,0.0,0.0
1.0,0.8571428571428561,0.0,0.0,0.0
1.0,0.9047619047619041,0.0,-1.0322761713544675e-15,-1.0322761713544675e-15
1.0,0.952380952380952,0.0,0.0,0.0
0.9523809523809524,1.0,0.0,4.761904761904772,4.761904761904772
0.9047619047619049,1.0,0.0,9.523809523809541,9.523809523809541
0.8571428571428573,1.0,0.0,14.285714285714306,14.285714285714306
0.8095238095238098,1.0,0.0,19.047619047619076,19.047619047619076
0.7619047619047621,1.0,0.0,23.80952380952386,23.80952380952386
0.7142857142857144,1.0,0.0,28.57142857142863,28.57142857142863
0.6666666666666667,1.0,0.0,33.33333333333341,33.33333333333341
0.619047619047619,1.0,0.0,38.09523809523817,38.09523809523817
0.5714285714285715,1.0,0.0,42.8571428571429,42.8571428571429
0.5238095238095242,1.0,0.0,47.61904761904762,47.61904761904762
0.4761904761904767,1.0,0.0,52.38095238095234,52.38095238095234
0.4285714285714292,1.0,0.0,57.14285714285703,57.14285714285703
0.3809523809523818,1.0,0.0,61.904761904761735,61.904761904761735
0.3333333333333344,1.0,0.0,66.6666666666664,66.6666666666664
0.2857142857142869,1.0,0.0,71.4285714285711,71.4285714285711
0.2380952380952396,1.0,0.0,76.19047619047592,76.19047619047592
0.1904761904761918,1.0,0.0,80.95238095238079,80.95238095238079
0.1428571428571439,1.0,0.0,85.71428571428564,85.71428571428564
0.0952380952380959,1.0,0.0,90.4761904761905,90.4761904761905
0.047619047619048,1.0,0.0,95.23809523809527,95.23809523809527
0.0,0.9523809523809524,0.0,100.00000000000009,100.00000000000009
0.0,0.9047619047619049,0.0,100.00000000000013,100.00000000000013
0.0,0.8571428571428573,0.0,100.00000000000009,100.00000000000009
0.0,0.8095238095238098,0.0,100.00000000000004,100.00000000000004
0.0,0.7619047619047621,0.0,100.00000000000006,100.00000000000006
0.0,0.7142857142857144,0.0,100.00000000000004,100.00000000000004
0.0,0.6666666666666667,0.0,100.00000000000017,100.00000000000017
0.0,0.619047619047619,0.0,100.00000000000023,100.00000000000023
0.0,0.5714285714285715,0.0,100.00000000000031,100.00000000000031
0.0,0.5238095238095242,0.0,100.0000000000004,100.0000000000004
0.0,0.4761904761904767,0.0,100.00000000000047,100.00000000000047
0.0,0.4285714285714292,0.0,100.00000000000063,100.00000000000063
0.0,0.3809523809523818,0.0,100.0000000000007,100.0000000000007
0.0,0.3333333333333344,0.0,100.00000000000082,100.00000000000082
0.0,0.2857142857142869,0.0,100.00000000000082,100.00000000000082
0.0,0.2380952380952396,0.0,100.00000000000087,100.00000000000087
0.0,0.1904761904761918,0.0,100.00000000000092,100.00000000000092
0.0,0.1428571428571439,0.0,100.00000000000104,100.00000000000104
0.0,0.0952380952380959,0.0,100.00000000000104,100.00000000000104
0.0,0.047619047619048,0.0,100.00000000000108,100.00000000000108
0.1712159407729647,0.1718551922037744,0.0,82.87840592270443,82.87840592270443
0.8281448077962257,0.1712159407729646,0.0,17.18551922037763,17.18551922037763
0.7397530769177154,0.8926599831965567,0.0,26.02469230822853,26.02469230822853
0.5000000000000001,0.7812814556716995,0.0,50.000000000000064,50.000000000000064
0.7137471152223902,0.2973069095169304,0.0,28.625288477761245,28.625288477761245
0.1160311035021704,0.5351431563879566,0.0,88.39688964978336,88.39688964978336
0.5075279799123255,0.2227180547636398,0.0,49.24720200876796,49.24720200876796
0.107437788219207,0.7416589234919156,0.0,89.25622117807934,89.25622117807934
0.867329074851182,0.0548405553679423,0.0,13.267092514881947,13.267092514881947
0.885868734479113,0.3395306175969764,0.0,11.413126552088816,11.413126552088816
0.3503535424699404,0.2920080232467545,0.0,64.96464575300655,64.96464575300655
0.7077384280603221,0.3495862547711246,0.0,29.22615719396805,29.22615719396805
0.6499009489684533,0.7079311986801735,0.0,35.00990510315481,35.00990510315481
0.5979184717372462,0.4838857415459506,0.0,40.20815282627565,40.20815282627565
0.2458675149186308,0.4549300267532873,0.0,75.41324850813737,75.41324850813737
0.2006741278139187,0.3810902929551452,0.0,79.93258721860873,79.93258721860873
0.3815527237607635,0.7985505744893336,0.0,61.84472762392368,61.84472762392368
0.5884941340291796,0.1313522675865322,0.0,41.1505865970825,41.1505865970825
0.5896505703213294,0.8687467667340645,0.0,41.03494296786716,41.03494296786716
0.8688615114598792,0.5887009077470214,0.0,13.113848854012161,13.113848854012161
0.2566579109295378,0.7442877518718178,0.0,74.33420890704632,74.33420890704632
0.9019236259658688,0.9004293346215939,0.0,9.807637403413151,9.807637403413151
0.616442970237797,0.7494791945197192,0.0,38.355702976220414,38.355702976220414
0.8925947236637144,0.7416084171533844,0.0,10.740527633628602,10.740527633628602
0.4338623734742604,0.6442198041146294,0.0,56.61376265257413,56.61376265257413
0.1718551922037743,0.8287840592270355,0.0,82.81448077962261,82.81448077962261
0.8880638621218446,0.5355763112564238,0.0,11.193613787815623,11.193613787815623
0.2856583477253476,0.7077329876767209,0.0,71.43416522746537,71.43416522746537
0.07368116118786416,0.3274928298847269,0.0,92.63188388121435,92.63188388121435
0.3283478643596808,0.926831401233524,0.0,67.16521356403179,67.16521356403179
0.3276113117687697,0.0725635653276086,0.0,67.23886882312387,67.23886882312387
0.8920542699740891,0.1489024698648702,0.0,10.794573002591216,10.794573002591216
0.9274364346723916,0.3276113117687697,0.0,7.256356532760913,7.256356532760913
0.1761209759572582,0.4330380946456789,0.0,82.38790240427475,82.38790240427475
0.4316503391570891,0.1775134758612616,0.0,56.83496608429169,56.83496608429169
0.429911275392537,0.8216564089712073,0.0,57.008872460746325,57.008872460746325
0.4901263784936352,0.1054100181072879,0.0,50.98736215063707,50.98736215063707
0.8224865241387385,0.4316503391570891,0.0,17.751347586126304,17.751347586126304
0.4657626854386868,0.5732737052588226,0.0,53.423731456131534,53.423731456131534
0.1846715804519674,0.5717757235796116,0.0,81.53284195480359,81.53284195480359
0.8162644031523556,0.5677029779159446,0.0,18.373559684764558,18.373559684764558
0.5683347097615911,0.1821677551992368,0.0,43.166529023841356,43.166529023841356
0.5683110682331478,0.8180360275914091,0.0,43.16889317668531,43.16889317668531
0.4346316189919057,0.4583000690375523,0.0,56.53683810080978,56.53683810080978
0.3322740191719645,0.7784789521797267,0.0,66.7725980828036,66.7725980828036
0.2215210478202733,0.3322740191719648,0.0,77.8478952179733,77.8478952179733
0.6679583688496387,0.2210582203849225,0.0,33.204163115036465,33.204163115036465
0.6777990580323514,0.06974109873920264,0.0,32.22009419676523,32.22009419676523
0.9301918667805026,0.680903623727782,0.0,6.980813321949774,6.980813321949774
0.6777990580323514,0.9302589012607971,0.0,32.22009419676491,32.22009419676491
0.06980813321949753,0.6809036237277821,0.0,93.01918667805036,93.01918667805036
0.5845635389873456,0.5184714042982485,0.0,41.54364610126568,41.54364610126568
0.4512488490651218,0.2638470039087626,0.0,54.87511509348836,54.87511509348836
0.7361529960912372,0.4512488490651219,0.0,26.384700390876503,26.384700390876503
0.5503475391450408,0.7387459317985362,0.0,44.96524608549603,44.96524608549603
0.6186412404976355,0.3672389449782243,0.0,38.135875950236795,38.135875950236795
0.3867501024705314,0.590861556599093,0.0,61.32498975294711,61.32498975294711
0.7839529684431032,0.6593281908849193,0.0,21.60470315568978,21.60470315568978
0.3016821990738045,0.4974737144342903,0.0,69.83178009261991,69.83178009261991
0.2618307898818616,0.8865874621296932,0.0,73.81692101181379,73.81692101181379
0.535576311256424,0.1119361378781553,0.0,46.442368874358124,46.442368874358124
0.1113515772936003,0.2610321867781361,0.0,88.86484227064079,88.86484227064079
0.3597470357825714,0.8467001754537136,0.0,64.02529642174285,64.02529642174285
0.6428703792694107,0.6477232047540877,0.0,35.712962073059074,35.712962073059074
0.5618905013598676,0.6664734243457426,0.0,43.81094986401339,43.81094986401339
0.668278066277467,0.6064456730414249,0.0,33.172193372253446,33.172193372253446
0.8944500576984067,0.4895846199432374,0.0,10.554994230159414,10.554994230159414
0.3191954428393812,0.5808771845648212,0.0,68.08045571606212,68.08045571606212
0.5355763112564238,0.8880638621218446,0.0,46.44236887435768,46.44236887435768
0.7415944501000478,0.1053611968521315,0.0,25.840554989995503,25.840554989995503
0.4402364567289713,0.3330209721819118,0.0,55.97635432710333,55.97635432710333
0.2519169290777273,0.4096843649298393,0.0,74.80830709222776,74.80830709222776
0.5991539869998355,0.2560235581276552,0.0,40.084601300016836,40.084601300016836
0.3984436951006315,0.7432269729490026,0.0,60.15563048993694,60.15563048993694
0.7436763495812786,0.5977571836223171,0.0,25.632365041872266,25.632365041872266
0.3999790064688482,0.5172074520603754,0.0,60.00209935311548,60.00209935311548
0.09807637403413133,0.0995706653784062,0.0,90.1923625965879,90.1923625965879
0.9004293346215939,0.09807637403413116,0.0,9.957066537840722,9.957066537840722
0.7044644827034539,0.8082063806667237,0.0,29.55355172965471,29.55355172965471
0.3184908639338447,0.6188197979126606,0.0,68.15091360661575,68.15091360661575
0.3186641240636562,0.9659704131325619,0.0,68.1335875936342,68.1335875936342
0.03379544945320184,0.3184623007577448,0.0,96.62045505468063,96.62045505468063
0.3187311976327592,0.03324102202676693,0.0,68.12688023672494,68.12688023672494
0.7026578293516943,0.902061049349606,0.0,29.73421706483064,29.73421706483064
0.4705078645385656,0.2327020311216746,0.0,52.94921354614397,52.94921354614397
0.7674147091050059,0.469923439941923,0.0,23.25852908949959,23.25852908949959
0.9237662606297385,0.1848950657190979,0.0,7.62337393702623,7.62337393702623
0.1596923457110572,0.7696849473523307,0.0,84.03076542889436,84.03076542889436
0.8403076542889429,0.7696849473523306,0.0,15.96923457110576,15.96923457110576
0.6958126868784447,0.6442638550965636,0.0,30.41873131215567,30.41873131215567
0.3005793779071001,0.3558001803026172,0.0,69.94206220929053,69.94206220929053
0.610195004216554,0.4005052727531153,0.0,38.98049957834493,38.98049957834493
0.1489024698648704,0.1079457300259111,0.0,85.10975301351397,85.10975301351397
0.590584785797027,0.6191070128783327,0.0,40.94152142029745,40.94152142029745
0.6466186816746929,0.3001551277246782,0.0,35.338131832531026,35.338131832531026
0.2998152206588063,0.4378664298163928,0.0,70.0184779341198,70.0184779341198
0.6469051232374802,0.4939089660492035,0.0,35.30948767625221,35.30948767625221
0.05828158571419217,0.05828158571419217,0.0,94.17184142858184,94.17184142858184
0.05828158571419206,0.9417184142858079,0.0,94.1718414285809,94.1718414285809
0.941718414285808,0.941718414285808,0.0,5.828158571419214,5.828158571419214
0.9417184142858078,0.05828158571419217,0.0,5.828158571419282,5.828158571419282
0.0556113146515661,0.5604814826034984,0.0,94.43886853484375,94.43886853484375
0.5627142039064776,0.9451759852049746,0.0,43.7285796093523,43.7285796093523
0.9451759852049746,0.5627142039064773,0.0,5.482401479502578,5.482401479502578
0.5627142039064778,0.0548240147950253,0.0,43.728579609352735,43.728579609352735
0.8514524973661985,0.3015775300497619,0.0,14.85475026338029,14.85475026338029
0.3015775300497618,0.1485475026338018,0.0,69.84224699502464,69.84224699502464
0.8472185887967567,0.699476007701509,0.0,15.278141120324396,15.278141120324396
0.1470984584935172,0.6976865370713364,0.0,85.29015415064838,85.29015415064838
0.2580821623905802,0.2516168560858105,0.0,74.19178376094274,74.19178376094274
0.748061599291004,0.2566570584008432,0.0,25.19384007089985,25.19384007089985
0.7477343532384588,0.7390648499560877,0.0,25.226564676154208,25.226564676154208
0.2850835620427175,0.9430119226648437,0.0,71.49164379572807,71.49164379572807
0.0552316046395317,0.2850516277702512,0.0,94.47683953604763,94.47683953604763
0.2862607042778481,0.05373671991907741,0.0,71.37392957221607,71.37392957221607
0.9462632800809228,0.2862607042778482,0.0,5.373671991907778,5.373671991907778
0.6203287904093517,0.2048175098932831,0.0,37.96712095906523,37.96712095906523
0.5415101187701299,0.408843095663579,0.0,45.84898812298737,45.84898812298737
0.2010303157898158,0.2067923487021359,0.0,79.89696842101925,79.89696842101925
0.7942474372022783,0.7983963302224347,0.0,20.57525627977224,20.57525627977224
0.7923379651443148,0.2006622441132411,0.0,20.76620348556874,20.76620348556874
0.2068151659336706,0.7989107996222784,0.0,79.318483406633,79.318483406633
0.1242165480992097,0.1488061392582753,0.0,87.57834519008,87.57834519008
0.8762466701353577,0.8510545234650687,0.0,12.375332986464269,12.375332986464269
0.8511938607417249,0.1242165480992095,0.0,14.880613925827681,14.880613925827681
0.1477502677353947,0.8764746978388631,0.0,85.22497322646062,85.22497322646062
0.0775640437349836,0.5261827283771233,0.0,92.24359562650206,92.24359562650206
0.8031907829746423,0.3897633886080225,0.0,19.680921702535944,19.680921702535944
0.3897633886080224,0.1968092170253576,0.0,61.02366113919846,61.02366113919846
0.3684122819030806,0.4848580857800159,0.0,63.158771809692304,63.158771809692304
0.5998597654401341,0.7001521314235603,0.0,40.01402345598673,40.01402345598673
0.7001521314235604,0.4001402345598662,0.0,29.984786857644234,29.984786857644234
0.4001402345598665,0.2998478685764391,0.0,59.98597654401387,59.98597654401387
0.4542102956116357,0.5241957744669409,0.0,54.57897043883671,54.57897043883671
0.3858828948286999,0.1118529754720475,0.0,61.41171051713075,61.41171051713075
0.1113131156570305,0.3897238218686953,0.0,88.86868843429761,88.86868843429761
0.3867517431551427,0.8888327691321695,0.0,61.32482568448571,61.32482568448571
0.8881470245279525,0.3858828948286999,0.0,11.185297547204856,11.185297547204856
0.6163769486522945,0.803416394084449,0.0,38.36230513477067,38.36230513477067
0.5227336272858879,0.4524772830415669,0.0,47.72663727141156,47.72663727141156
0.3282873650419606,0.3956545030909837,0.0,67.17126349580438,67.17126349580438
0.4401748252316914,0.04297080538511339,0.0,55.98251747683153,55.98251747683153
0.4401748252316917,0.9570291946148866,0.0,55.9825174768308,55.9825174768308
0.04297080538511344,0.4401748252316917,0.0,95.70291946148922,95.70291946148922
0.9570291946148866,0.4401748252316914,0.0,4.297080538511382,4.297080538511382
0.2539739525296661,0.6752957816353492,0.0,74.60260474703358,74.60260474703358
0.7895692347592851,0.6119693536154557,0.0,21.043076524071598,21.043076524071598
0.5409792096393168,0.5276756773601795,0.0,45.902079036068585,45.902079036068585
0.8730948616729365,0.189361096827136,0.0,12.690513832706497,12.690513832706497
0.9606565576169606,0.09516548396504931,0.0,3.9343442383039884,3.9343442383039884
0.904836416099257,0.9606558114766934,0.0,9.516358390074329,9.516358390074329
0.09505847431526149,0.9608473169975105,0.0,90.49415256847394,90.49415256847394
0.9608508751102698,0.9049253188725039,0.0,3.914912488973034,3.914912488973034
0.03914912488973016,0.09507468112749601,0.0,96.08508751102804,96.08508751102804
0.904925318872504,0.03914912488973021,0.0,9.507468112749706,9.507468112749706
0.669027027016152,0.1823772919266082,0.0,33.09729729838516,33.09729729838516
0.5368085259252248,0.7774593438089579,0.0,46.31914740747761,46.31914740747761
0.5411850916233517,0.3303336280505957,0.0,45.88149083766524,45.88149083766524
0.3231561659690944,0.6865344423715098,0.0,67.6843834030907,67.6843834030907
0.09744407334957084,0.5705493177736956,0.0,90.25559266504325,90.25559266504325
0.5710963278546362,0.09314983372951502,0.0,42.89036721453687,42.89036721453687
0.9068501662704851,0.5710963278546357,0.0,9.314983372951552,9.314983372951552
0.5710963278546359,0.9068501662704851,0.0,42.890367214536475,42.890367214536475
0.744689104338241,0.3363221947447066,0.0,25.53108956617614,25.53108956617614
0.3366388912271623,0.2553745350470596,0.0,66.33611087728447,66.33611087728447
0.4038031018678403,0.4273194313173814,0.0,59.619689813216375,59.619689813216375
0.3395306175969764,0.1141312655208873,0.0,66.04693824030318,66.04693824030318
0.4717576359965855,0.1905328156159789,0.0,52.824236400342,52.824236400342
0.4688797091557571,0.8081130951871225,0.0,53.112029084424336,53.112029084424336
0.1914711370666564,0.4685994941453187,0.0,80.8528862933348,80.8528862933348
0.8092747906254871,0.4715512135110272,0.0,19.072520937451436,19.072520937451436
0.1021269311869393,0.3019405551490747,0.0,89.78730688130686,89.78730688130686
0.342464257252805,0.8860418278738025,0.0,65.75357427471945,65.75357427471945
0.4301353308885231,0.717158285524337,0.0,56.98646691114779,56.98646691114779
0.544100335712747,0.1512503187323754,0.0,45.589966428725795,45.589966428725795
0.7757823601229986,0.5741776183733311,0.0,22.42176398770026,22.42176398770026
0.4299310592018804,0.4910642735743849,0.0,57.00689407981228,57.00689407981228
0.6744351334153136,0.677060706904622,0.0,32.55648665846878,32.55648665846878
0.3246743668749434,0.3244156554451458,0.0,67.53256331250621,67.53256331250621
0.6795640847500037,0.3241646975925534,0.0,32.04359152499991,32.04359152499991
0.3586298825657113,0.750385865006131,0.0,64.13701174342896,64.13701174342896
0.8310453049309963,0.6047839073729698,0.0,16.895469506900465,16.895469506900465
0.6043924076071523,0.1678584792363141,0.0,39.560759239285204,39.560759239285204
0.7056634336487433,0.6085804553800875,0.0,29.433656635125807,29.433656635125807
0.6090992046196853,0.2947530197745424,0.0,39.09007953803182,39.09007953803182
0.4270411021710476,0.6028462708813167,0.0,57.29588978289544,57.29588978289544
0.6211665218192582,0.5261017035907425,0.0,37.88334781807438,37.88334781807438
0.2977180885263025,0.8033770493789211,0.0,70.22819114736977,70.22819114736977
0.1984926546606572,0.2975377446629972,0.0,80.15073453393498,80.15073453393498
0.3815916370099949,0.5562314129933668,0.0,61.84083629900077,61.84083629900077
0.6859066755114984,0.03263210080118195,0.0,31.40933244885052,31.40933244885052
0.9673678991988177,0.685906675511498,0.0,3.2632100801182435,3.2632100801182435
0.6859066755114986,0.9673678991988177,0.0,31.4093324488502,31.4093324488502
0.03263210080118234,0.6859066755114984,0.0,96.73678991988189,96.73678991988189
0.6283738834901171,0.6023273913959278,0.0,37.16261165098844,37.16261165098844
0.696645125047667,0.2007373294745257,0.0,30.335487495233608,30.335487495233608
0.4771407033813295,0.6587591422784908,0.0,52.28592966186718,52.28592966186718
0.5223206329219248,0.03756011439135298,0.0,47.76793670780809,47.76793670780809
0.5223206329219244,0.9624398856086471,0.0,47.76793670780758,47.76793670780758
0.9624398856086471,0.5223206329219244,0.0,3.7560114391353143,3.7560114391353143
0.2903041466589524,0.3964643973981958,0.0,70.96958533410525,70.96958533410525
0.2832963934076643,0.4712229951357829,0.0,71.67036065923398,71.67036065923398
0.8552577233109634,0.7332375012739878,0.0,14.474227668903714,14.474227668903714
0.1409508947553183,0.7246773908577757,0.0,85.90491052446825,85.90491052446825
0.8557099191222597,0.2667873183122755,0.0,14.429008087774179,14.429008087774179
0.2667873183122754,0.1442900808777405,0.0,73.32126816877332,73.32126816877332
0.1893610968271361,0.1269051383270636,0.0,81.06389031728735,81.06389031728735
0.1269051383270635,0.810638903172864,0.0,87.30948616729371,87.30948616729371
0.7753799889949107,0.4293891135665804,0.0,22.462001100509127,22.462001100509127
0.4293891135665803,0.2246200110050891,0.0,57.06108864334257,57.06108864334257
0.3048340204757023,0.2318338510211739,0.0,69.51659795243052,69.51659795243052
0.7682018919782893,0.3045138349466738,0.0,23.1798108021713,23.1798108021713
0.6662278188510451,0.1117252267188386,0.0,33.37721811489587,33.37721811489587
0.6699697638450612,0.8821934459460428,0.0,33.00302361549396,33.00302361549396
0.1958825765816217,0.6219661097545066,0.0,80.41174234183806,80.41174234183806
0.9544721180735344,0.6424994452732204,0.0,4.552788192646585,4.552788192646585
0.6418233636484606,0.04288097992057155,0.0,35.81766363515437,35.81766363515437
0.04535074757744195,0.6422597387158777,0.0,95.46492524225602,95.46492524225602
0.6418233636484608,0.9571190200794282,0.0,35.817663635153984,35.817663635153984
0.8956080540638063,0.647320865931305,0.0,10.43919459361943,10.43919459361943
0.1037838225000149,0.6488711784864475,0.0,89.62161774999868,89.62161774999868
0.8736964547933185,0.8084696665741502,0.0,12.630354520668197,12.630354520668197
0.721788033515139,0.05185227842404938,0.0,27.82119664848642,27.82119664848642
0.04251588360431546,0.7209120150181798,0.0,95.74841163956852,95.74841163956852
0.03116337350609538,0.7919990035932742,0.0,96.88366264939056,96.88366264939056
0.9574278785626446,0.7208974674123121,0.0,4.257212143735564,4.257212143735564
0.7215249802033776,0.9478650330114773,0.0,27.84750197966231,27.84750197966231
0.477075023409311,0.4549963769893238,0.0,52.292497659069255,52.292497659069255
0.4550378722423181,0.3733469096955808,0.0,54.49621277576861,54.49621277576861
0.7528350293115523,0.6967210189065375,0.0,24.716497068844866,24.716497068844866
0.4180627504788027,0.5604737089157543,0.0,58.19372495211998,58.19372495211998
0.1559592560236732,0.5389459041342681,0.0,84.40407439763305,84.40407439763305
0.8106239944014075,0.8717495076906601,0.0,18.93760055985931,18.93760055985931
0.6174371299001346,0.4401625679207681,0.0,38.256287009986835,38.256287009986835
0.5400745114385972,0.6245374881663228,0.0,45.992548856140445,45.992548856140445
0.2759402897779402,0.597723278615256,0.0,72.40597102220624,72.40597102220624
0.5793927436365883,0.7719232732795305,0.0,42.060725636341274,42.060725636341274
0.5944425065011114,0.5630543883741679,0.0,40.55574934988905,40.55574934988905
0.7042219414157597,0.7583393397791212,0.0,29.57780585842414,29.57780585842414
0.1255851472331092,0.1903718540944281,0.0,87.44148527668997,87.44148527668997
0.809233924415091,0.1256761455547795,0.0,19.07660755849111,19.07660755849111
0.1892386645542489,0.8752763286130226,0.0,81.07613354457516,81.07613354457516
0.7078342901062376,0.2421398304753665,0.0,29.21657098937654,29.21657098937654
0.2931834266234098,0.7597717673981625,0.0,70.6816573376591,70.6816573376591
0.2444565777656839,0.2931334391383037,0.0,75.55434222343231,75.55434222343231
0.1077021971235543,0.8511979066286651,0.0,89.22978028764466,89.22978028764466
0.8529621448422504,0.8916436300144406,0.0,14.703785515775005,14.703785515775005
0.4458922050919191,0.6834842619234138,0.0,55.41077949080822,55.41077949080822
0.03756011439135293,0.5223206329219248,0.0,96.2439885608651,96.2439885608651
0.6007820277006695,0.03544514232856488,0.0,39.92179722993351,39.92179722993351
0.9640254772702562,0.6009172440256213,0.0,3.5974522729743987,3.5974522729743987
0.03574937250716059,0.5999529336011646,0.0,96.42506274928422,96.42506274928422
0.6007820277006697,0.964554857671435,0.0,39.92179722993309,39.92179722993309
0.2602471178880047,0.5084319918824336,0.0,73.97528821119988,73.97528821119988
0.3002449526961022,0.5393997445871422,0.0,69.97550473039007,69.97550473039007
0.4271114128636767,0.7828255239065904,0.0,57.28885871363239,57.28885871363239
0.40026260252027,0.3501126157183336,0.0,59.97373974797345,59.97373974797345
0.9582335439443367,0.830822217925637,0.0,4.176645605566343,4.176645605566343
0.1708654676223858,0.9673206909207798,0.0,82.9134532377614,82.9134532377614
0.830841781780309,0.04175123551336801,0.0,16.915821821969296,16.915821821969296
0.3048422100025728,0.8976539606493261,0.0,69.51577899974262,69.51577899974262
0.1213930937094915,0.3388723775943567,0.0,87.86069062905159,87.86069062905159
0.9600951751128517,0.3607363530695592,0.0,3.9904824887148678,3.9904824887148678
0.3607363530695592,0.03990482488714842,0.0,63.92636469304488,63.92636469304488
0.04006448143861335,0.3607194270861248,0.0,95.9935518561394,95.9935518561394
0.3608415748682612,0.960008741764442,0.0,63.91584251317377,63.91584251317377
0.04175123551336812,0.1691582182196912,0.0,95.82487644866418,95.82487644866418
0.9619706668163381,0.1730931581376152,0.0,3.802933318366228,3.802933318366228
0.1730931581376154,0.03802933318366197,0.0,82.6906841862395,82.6906841862395
0.03802767942731144,0.8269064787896543,0.0,96.19723205726892,96.19723205726892
0.8266972268812922,0.9602164193132057,0.0,17.330277311870823,17.330277311870823
0.2302494615926648,0.5883754738842036,0.0,76.97505384073378,76.97505384073378
0.652099069002103,0.3987772545969012,0.0,34.79009309979001,34.79009309979001
0.554545301030626,0.4869928007303491,0.0,44.54546989693769,44.54546989693769
0.5042450980844214,0.5936191336805914,0.0,49.575490191558046,49.575490191558046
0.4926157441522149,0.2617922703149027,0.0,50.738425584778994,50.738425584778994
0.3579154977251956,0.5744778400962766,0.0,64.2084502274807,64.2084502274807
0.5087458223117715,0.7411540752117507,0.0,49.125417768822956,49.125417768822956
0.4684217064798021,0.2996869219520935,0.0,53.15782935202027,53.15782935202027
0.531542235920268,0.7005085652848272,0.0,46.84577640797333,46.84577640797333
0.209286668245671,0.03207536843876096,0.0,79.07133317543386,79.07133317543386
0.7383715579425557,0.4923060753651843,0.0,26.16284420574461,26.16284420574461
0.6977886895200016,0.4710387754596971,0.0,30.22113104800005,30.22113104800005
0.3522461294585361,0.6091007822623753,0.0,64.77538705414662,64.77538705414662
0.3912729806766073,0.6321702969638769,0.0,60.872701932339446,60.872701932339446
0.5363006882678452,0.8456461156010517,0.0,46.369931173215555,46.369931173215555
0.5238838905520327,0.1850362711303833,0.0,47.61161094479723,47.61161094479723
0.8477186740594532,0.5413152203605383,0.0,15.22813259405479,15.22813259405479
0.1433944683473016,0.4543326525920209,0.0,85.66055316527041,85.66055316527041
0.455057252197199,0.1425572725142195,0.0,54.494274780280705,54.494274780280705
0.454852943486838,0.8548659492029488,0.0,54.514705651316206,54.514705651316206
0.8550073053301133,0.4551734137142351,0.0,14.499269466988792,14.499269466988792
0.5025268291786601,0.5491777128411119,0.0,49.74731708213425,49.74731708213425
0.5760599175355938,0.2226893496033974,0.0,42.394008246441054,42.394008246441054
0.3022282416231162,0.1065640559418765,0.0,69.77717583768923,69.77717583768923
0.8934359440581239,0.302228241623116,0.0,10.656405594187719,10.656405594187719
0.6650291088154253,0.7474206027173125,0.0,33.49708911845758,33.49708911845758
0.3284515461895454,0.4677427902867091,0.0,67.15484538104583,67.15484538104583
0.6026942967555364,0.659612829282515,0.0,39.730570324446504,39.730570324446504
0.7818967677944089,0.8950901204623731,0.0,21.810323220559177,21.810323220559177
0.6637908886453731,0.5329647826669539,0.0,33.620911135462876,33.620911135462876
0.8913644134702445,0.6983607155621018,0.0,10.863558652975597,10.863558652975597
0.1084028500113783,0.6983537001914046,0.0,89.1597149988622,89.1597149988622
0.8935266305730094,0.219756857017177,0.0,10.647336942699173,10.647336942699173
0.219756857017177,0.1064733694269907,0.0,78.02431429828323,78.02431429828323
0.1062810497127002,0.7800572800248098,0.0,89.37189502873002,89.37189502873002
0.6431306872380507,0.2564461540754618,0.0,35.68693127619528,35.68693127619528
0.1500626751079004,0.4033196798941856,0.0,84.99373248921063,84.99373248921063
0.4030142524127986,0.8497406573892096,0.0,59.698574758720135,59.698574758720135
0.406497216007997,0.1486717770880164,0.0,59.350278399200974,59.350278399200974
0.8510382917029757,0.4065110447600251,0.0,14.896170829702555,14.896170829702555
0.4665357204873969,0.6160785534357236,0.0,53.346427951260516,53.346427951260516
0.2561684717442791,0.3616112508357353,0.0,74.38315282557264,74.38315282557264
0.4475543734594165,0.4192721528033242,0.0,55.24456265405873,55.24456265405873
0.2200500186477973,0.5407691170842228,0.0,77.99499813522061,77.99499813522061
0.2148626372112839,0.4252605994056927,0.0,78.51373627887212,78.51373627887212
0.3725036952433033,0.3904497183063058,0.0,62.74963047567013,62.74963047567013
0.8209652977910742,0.6742349854112815,0.0,17.903470220892665,17.903470220892665
0.1000217017572066,0.220224124653228,0.0,89.99782982428022,89.99782982428022
0.2198513132955535,0.9001602875078192,0.0,78.01486867044463,78.01486867044463
0.7811837800305095,0.1049628954033052,0.0,21.88162199694929,21.88162199694929
0.8927118345406134,0.779525788215727,0.0,10.728816545938697,10.728816545938697
0.7438557696191305,0.6436573227383221,0.0,25.61442303808707,25.61442303808707
0.7858820943298689,0.5421434948672883,0.0,21.41179056701324,21.41179056701324
0.1786959011098337,0.3317495447567232,0.0,82.1304098890173,82.1304098890173
0.3298614227517372,0.8190928864057789,0.0,67.01385772482631,67.01385772482631
0.09516548396504942,0.03934344238303961,0.0,90.48345160349615,90.48345160349615
0.03932585744051309,0.904830655361583,0.0,96.06741425594882,96.06741425594882
0.6310677843117053,0.1136506574027524,0.0,36.893221568829894,36.893221568829894
0.6310677843117052,0.8863493425972477,0.0,36.89322156882957,36.89322156882957
0.8488263934074674,0.6368485039563713,0.0,15.11736065925335,15.11736065925335
0.1803220832230492,0.9226073834779369,0.0,81.96779167769509,81.96779167769509
0.3521832340357358,0.1604382443286956,0.0,64.78167659642719,64.78167659642719
0.5724820045062731,0.3639920011933794,0.0,42.75179954937306,42.75179954937306
0.3566142742432238,0.4377037458774573,0.0,64.33857257567803,64.33857257567803
0.1533583277005049,0.3616708407912892,0.0,84.66416722995018,84.66416722995018
0.6404119962284867,0.1530963842662046,0.0,35.95880037715174,35.95880037715174
0.8149537544412608,0.08130317275417936,0.0,18.504624555874123,18.504624555874123
0.7044321270674021,0.7106207948999339,0.0,29.556787293259898,29.556787293259898
0.7778942118708383,0.5051219482017013,0.0,22.210578812916324,22.210578812916324
0.2978029187013648,0.2867888873975731,0.0,70.21970812986419,70.21970812986419
0.5000000000000003,0.5000000000000004,0.0,50.00000000000027,50.00000000000027
0.8516956117714563,0.4995968835736588,0.0,14.83043882285449,14.83043882285449
0.64064072783585,0.5665021293070077,0.0,35.935927216415166,35.935927216415166
0.2591404243108436,0.1062235261375254,0.0,74.0859575689165,74.0859575689165
0.611273613988548,0.3306218936018487,0.0,38.87263860114555,38.87263860114555
0.1578570374381945,0.6026274926871663,0.0,84.21429625618082,84.21429625618082
0.9185689746905403,0.8147894180620189,0.0,8.143102530945992,8.143102530945992
0.1474142522145158,0.6381335179596039,0.0,85.2585747785486,85.2585747785486
0.8937764738624747,0.2591404243108437,0.0,10.622352613752637,10.622352613752637
0.4895583688575474,0.8944474831847702,0.0,51.04416311424527,51.04416311424527
0.6377931626251016,0.8475187344487636,0.0,36.220683737489935,36.220683737489935
0.08130317275417948,0.1850462455587394,0.0,91.869682724583,91.869682724583
0.09919710483912686,0.9018416128900169,0.0,90.08028951608739,90.08028951608739
0.782611945929174,0.2396917024737427,0.0,21.73880540708282,21.73880540708282
0.8395617556713044,0.3521832340357358,0.0,16.04382443286971,16.04382443286971
0.6669790278180879,0.4402364567289717,0.0,33.30209721819147,33.30209721819147
0.8295831790920738,0.8277617148905578,0.0,17.04168209079268,17.04168209079268
0.8156199719743821,0.9235640093896786,0.0,18.438002802561847,18.438002802561847
0.7494791945197191,0.3835570297622031,0.0,25.052080548028307,25.052080548028307
0.383557029762203,0.2505208054802808,0.0,61.644297023780354,61.644297023780354
0.09690112006493495,0.4373163593108478,0.0,90.30988799350706,90.30988799350706
0.4373163593108479,0.0969011200649349,0.0,56.26836406891586,56.26836406891586
0.107871615177069,0.4881705662940542,0.0,89.21283848229356,89.21283848229356
0.4373163593108478,0.9030988799350651,0.0,56.26836406891521,56.26836406891521
0.9030988799350652,0.4373163593108478,0.0,9.690112006493568,9.690112006493568
0.2051013279756507,0.2587725219934048,0.0,79.48986720243568,79.48986720243568
0.2587725219934043,0.7948986720243494,0.0,74.12274780065962,74.12274780065962
0.7436091192028318,0.7935581741400249,0.0,25.639088079716906,25.639088079716906
0.7388501546912529,0.2028059779844256,0.0,26.11498453087497,26.11498453087497
0.2740705582055165,0.197890195297473,0.0,72.59294417944918,72.59294417944918
0.1821230313414318,0.7160028461818913,0.0,81.78769686585692,81.78769686585692
0.8021098047025272,0.2740705582055165,0.0,19.78901952974747,19.78901952974747
0.8009112169152327,0.7240148400067097,0.0,19.908878308476808,19.908878308476808
0.4919843088573715,0.4107455438400278,0.0,50.801569114263245,50.801569114263245
0.57016306137485,0.4502176251015571,0.0,42.98369386251531,42.98369386251531
0.5499636862978993,0.5763019862801373,0.0,45.00363137021029,45.00363137021029
0.2428929266012408,0.6328501738615814,0.0,75.71070733987615,75.71070733987615
0.650152737372407,0.3537625629175897,0.0,34.98472626275963,34.98472626275963
0.184895065719098,0.07623373937026151,0.0,81.51049342809118,81.51049342809118
0.07623373937026146,0.8151049342809021,0.0,92.37662606297394,92.37662606297394
0.5143854413342684,0.3023208224020741,0.0,48.56145586657362,48.56145586657362
0.4851827256030948,0.7015866407394444,0.0,51.481727439690644,51.481727439690644
0.3500379701394862,0.6549912099466619,0.0,64.99620298605157,64.99620298605157
0.7007113984741302,0.514556277800662,0.0,29.928860152587163,29.928860152587163
0.60889638047222,0.07952071692722767,0.0,39.11036195277846,39.11036195277846
0.6088963804722197,0.9204792830727724,0.0,39.110361952778085,39.110361952778085
0.9204792830727723,0.6088963804722196,0.0,7.9520716927228206,7.9520716927228206
0.07778480030679491,0.6065472562102564,0.0,92.22151996932081,92.22151996932081
0.34898384031795,0.3543007328548129,0.0,65.10161596820548,65.10161596820548
0.2205041027980567,0.4985539289308527,0.0,77.94958972019471,77.94958972019471
0.8107644956283568,0.3138034082827386,0.0,18.923550437164494,18.923550437164494
0.3138491490725998,0.1892406105144238,0.0,68.6150850927408,68.6150850927408
0.6669822612775597,0.8234287725891045,0.0,33.30177387224413,33.30177387224413
0.7371160807745867,0.1445147701420366,0.0,26.288391922541617,26.288391922541617
0.1651151358820348,0.2643559605028069,0.0,83.48848641179727,83.48848641179727
0.7036511593061302,0.09814706160309328,0.0,29.634884069387315,29.634884069387315
0.7356328438664008,0.8361369479693337,0.0,26.436715613360008,26.436715613360008
0.2665647909129809,0.8351017487863961,0.0,73.3435209087019,73.3435209087019
0.5706478152605943,0.3038297050226778,0.0,42.935218473940964,42.935218473940964
0.6963072865422366,0.569277002314875,0.0,30.369271345776486,30.369271345776486
0.2123867442991324,0.6721579769331487,0.0,78.76132557008697,78.76132557008697
0.3497941768475346,0.5353182640617267,0.0,65.02058231524684,65.02058231524684
0.8637856101446736,0.9421575972478513,0.0,13.62143898553268,13.62143898553268
0.1362581855775611,0.05782520451744977,0.0,86.37418144224496,86.37418144224496
0.1326709251488183,0.9451594446320575,0.0,86.73290748511822,86.73290748511822
0.9421747954825503,0.1362581855775609,0.0,5.782520451745032,5.782520451745032
0.9451594446320577,0.8673290748511818,0.0,5.484055536794245,5.484055536794245
0.0548405553679423,0.1326709251488182,0.0,94.51594446320678,94.51594446320678
0.0577934391654702,0.8637348405214312,0.0,94.22065608345304,94.22065608345304
0.4014615372157421,0.6873706085859663,0.0,59.85384627842592,59.85384627842592
0.1549344792743477,0.2252665368169183,0.0,84.50655207256602,84.50655207256602
0.2253806229745932,0.8447710977861227,0.0,77.46193770254072,77.46193770254072
0.7727623557306763,0.1553894708826994,0.0,22.723764426932615,22.723764426932615
0.7761123802130676,0.8445615930077066,0.0,22.388761978693314,22.388761978693314
0.2334692919289855,0.9403056633099545,0.0,76.65307080710137,76.65307080710137
0.9383913652665513,0.7630764919367511,0.0,6.160863473344891,6.160863473344891
0.7673744154654716,0.05708449097273627,0.0,23.262558453453103,23.262558453453103
0.05977458084419157,0.2336396011418119,0.0,94.02254191558173,94.02254191558173
0.2350726455811377,0.06331209758904555,0.0,76.49273544188718,76.49273544188718
0.9366879024109543,0.2350726455811378,0.0,6.331209758904632,6.331209758904632
0.7673744154654716,0.9429155090272636,0.0,23.262558453452904,23.262558453452904
0.06113623693591214,0.7631986918260361,0.0,93.88637630640888,93.88637630640888
0.3569765688105648,0.709408960446392,0.0,64.30234311894367,64.30234311894367
0.1395453359301647,0.5737294840140746,0.0,86.04546640698388,86.04546640698388
0.5459744121877192,0.2526870454049972,0.0,45.402558781228514,45.402558781228514
0.5109494557967541,0.3576694176019505,0.0,48.905054420324994,48.905054420324994
0.2950344874538798,0.6514065341741888,0.0,70.49655125461223,70.49655125461223
0.4567889730629284,0.7508668645669523,0.0,54.32110269370723,54.32110269370723
0.7480033106306377,0.5461167352259935,0.0,25.199668936936376,25.199668936936376
0.9667589779732333,0.3187311976327591,0.0,3.3241022026767024,3.3241022026767024
0.4774197520391893,0.3349555979027237,0.0,52.25802479608152,52.25802479608152
0.187680714313829,0.5193288371296356,0.0,81.23192856861749,81.23192856861749
0.273365115261776,0.3245166198477784,0.0,72.66348847382301,72.66348847382301
0.6030329374579684,0.8344294807146715,0.0,39.69670625420327,39.69670625420327
0.2560079020500306,0.0304261892935731,0.0,74.39920979499786,74.39920979499786
0.9695738107064268,0.2560079020500305,0.0,3.0426189293573525,3.0426189293573525
0.2550480449229409,0.9697108418220985,0.0,74.49519550770577,74.49519550770577
0.03016698408595708,0.2550581305599932,0.0,96.98330159140515,96.98330159140515
0.6773954835539719,0.2724439942749397,0.0,32.26045164460311,32.26045164460311
0.2163263720796386,0.7560193754306289,0.0,78.36736279203623,78.36736279203623
0.2385516686475282,0.2166290788122858,0.0,76.14483313524799,76.14483313524799
0.7835315383956355,0.7607665516266372,0.0,21.64684616043653,21.64684616043653
0.5165715718154563,0.6639389803667762,0.0,48.342842818454514,48.342842818454514
0.02647515833331004,0.9735248416666902,0.0,97.35248416666906,97.35248416666906
0.02828884151036648,0.0282888415103667,0.0,97.17111584896449,97.17111584896449
0.9717111584896333,0.02828884151036648,0.0,2.8288841510367013,2.8288841510367013
0.9704156705060218,0.9704156705060216,0.0,2.958432949397826,2.958432949397826
0.6451628810631564,0.08350373594171856,0.0,35.48371189368476,35.48371189368476
0.6459112700619596,0.9152799985912576,0.0,35.4088729938041,35.4088729938041
0.2345210598174591,0.7119161199549261,0.0,76.54789401825421,76.54789401825421
0.9679246315612389,0.209286668245671,0.0,3.207536843876148,3.207536843876148
0.7962240371499436,0.9653391875460295,0.0,20.377596285005694,20.377596285005694
0.2080009964067261,0.9688366264939043,0.0,79.19990035932737,79.19990035932737
0.9688366264939043,0.7919990035932739,0.0,3.1163373506095766,3.1163373506095766
0.03116337350609594,0.2080009964067259,0.0,96.88366264939131,96.88366264939131
0.796919704623122,0.03602777984805666,0.0,20.30802953768803,20.30802953768803
0.4037783574875319,0.9727137791666507,0.0,59.62216425124675,59.62216425124675
0.02729003295345839,0.4037719982735514,0.0,97.2709967046548,97.2709967046548
0.9727182790286045,0.4037728794680236,0.0,2.7281720971395718,2.7281720971395718
0.4037728794680236,0.02728172097139514,0.0,59.62271205319836,59.62271205319836
0.8147882976349099,0.5212386230716931,0.0,18.52117023650915,18.52117023650915
0.9120773169642309,0.8540491228871119,0.0,8.792268303576936,8.792268303576936
0.08792268303576917,0.1459508771128879,0.0,91.20773169642406,91.20773169642406
0.8540491228871123,0.08792268303576889,0.0,14.595087711288933,14.595087711288933
0.1384094439608052,0.9109596535088531,0.0,86.15905560391955,86.15905560391955
0.5261827283771233,0.0775640437349836,0.0,47.38172716228821,47.38172716228821
0.9224359562650162,0.5261827283771229,0.0,7.75640437349844,7.75640437349844
0.526182728377123,0.9224359562650162,0.0,47.381727162287746,47.381727162287746
0.543947497709886,0.2140474858353925,0.0,45.60525022901187,45.60525022901187
0.1217714420127025,0.6075326281280349,0.0,87.82285579872999,87.82285579872999
0.7190619371114482,0.6751631004723824,0.0,28.093806288855298,28.093806288855298
0.5820905873414861,0.7324964277718328,0.0,41.79094126585151,41.79094126585151
0.5644099182478701,0.7021816078378178,0.0,43.55900817521312,43.55900817521312
0.7067175643835992,0.4354829413028209,0.0,29.328243561640313,29.328243561640313
0.7330565066658725,0.4174102085325246,0.0,26.694349333412973,26.694349333412973
0.4349595275068419,0.2927775579108195,0.0,56.50404724931633,56.50404724931633
0.4173567989615063,0.2668919752009045,0.0,58.26432010384995,58.26432010384995
0.4611585334027365,0.4878370116552401,0.0,53.88414665972667,53.88414665972667
0.5182898947735822,0.8137027004249797,0.0,48.17101052264186,48.17101052264186
0.5780867636874197,0.4148959488896735,0.0,42.19132363125836,42.19132363125836
0.3976040353261615,0.4655667764418161,0.0,60.2395964673842,60.2395964673842
0.3625565555550968,0.9198148999647496,0.0,63.74434444449026,63.74434444449026
0.36162770308072,0.08021857427757628,0.0,63.837229691928805,63.837229691928805
0.9197814257224237,0.36162770308072,0.0,8.021857427757705,8.021857427757705
0.08267637014511081,0.3637981115892924,0.0,91.73236298548964,91.73236298548964
0.861121950046244,0.1584240138910451,0.0,13.887804995375756,13.887804995375756
0.1385531988474467,0.8417738917168569,0.0,86.14468011525537,86.14468011525537
0.1584240138910453,0.1388780499537561,0.0,84.15759861089641,84.15759861089641
0.3249797351443487,0.7320521625131071,0.0,67.50202648556524,67.50202648556524
0.8423539971177724,0.8605523440151819,0.0,15.764600288222816,15.764600288222816
0.788879302581412,0.6899517328713793,0.0,21.112069741858882,21.112069741858882
0.335574695479901,0.5010379459351124,0.0,66.44253045201025,66.44253045201025
0.813867331398126,0.6380229376103018,0.0,18.6132668601875,18.6132668601875
0.6421978228982184,0.7775513708441735,0.0,35.78021771017828,35.78021771017828
0.1697983921854093,0.6689821178317,0.0,83.02016078145924,83.02016078145924
0.3668401799204411,0.3224601100870016,0.0,63.3159820079564,63.3159820079564
0.6807452934329397,0.370055094090986,0.0,31.92547065670633,31.92547065670633
0.6297466306219924,0.6808896926643312,0.0,37.025336937800894,37.025336937800894
0.8634013627198585,0.6696306663462442,0.0,13.659863728014223,13.659863728014223
0.1346068539060787,0.6692006635888895,0.0,86.53931460939224,86.53931460939224
0.9219940495487315,0.7209693431584663,0.0,7.800595045126879,7.800595045126879
0.07786017839806209,0.7210053908510636,0.0,92.21398216019385,92.21398216019385
0.5035987531895807,0.6317686213858298,0.0,49.640124681042096,49.640124681042096
0.6750095068110472,0.7818577614383002,0.0,32.49904931889539,32.49904931889539
0.2572193505212285,0.5563155390827353,0.0,74.27806494787747,74.27806494787747
0.413910613943031,0.3926241254378325,0.0,58.60893860569733,58.60893860569733
0.4856487178420891,0.06171713454450045,0.0,51.43512821579171,51.43512821579171
0.9382828654554997,0.485648717842089,0.0,6.171713454450082,6.171713454450082
0.06171713454450045,0.4856487178420892,0.0,93.82828654555044,93.82828654555044
0.4856487178420892,0.9382828654554995,0.0,51.43512821579108,51.43512821579108
0.7842788919104843,0.3466469447266011,0.0,21.57211080895177,21.57211080895177
0.3466469447266011,0.2157211080895158,0.0,65.3353055273406,65.3353055273406
0.1534281908948226,0.4973288549035398,0.0,84.65718091051816,84.65718091051816
0.4994393770595184,0.8516801646896379,0.0,50.056062294048196,50.056062294048196
0.5028474348760447,0.1474648430627112,0.0,49.71525651239607,49.71525651239607
0.3058334190005935,0.8491852458800478,0.0,69.41665809994059,69.41665809994059
0.6995557845750535,0.1553053266013054,0.0,30.044421542494973,30.044421542494973
0.7042422677599659,0.8573278833331557,0.0,29.575773224003502,29.575773224003502
0.1489772191042085,0.2972537537179025,0.0,85.10227808957993,85.10227808957993
0.06264024018018977,0.3943773381395944,0.0,93.73597598198171,93.73597598198171
0.3943773381395946,0.9373597598198102,0.0,60.562266186040496,60.562266186040496
0.3943773381395946,0.06264024018018965,0.0,60.56226618604128,60.56226618604128
0.9373597598198102,0.3943773381395945,0.0,6.2640240180190325,6.2640240180190325
0.8403076542889427,0.2303150526476694,0.0,15.969234571105899,15.969234571105899
0.2303150526476694,0.1596923457110574,0.0,76.96849473523392,76.96849473523392
